id,first_name,last_name,email,gender,quantity,purchase_date
1,Eolanda,Hamlington,ehamlington0@xinhuanet.com,Female,8,9/19/2025
2,Ediva,Vasichev,evasichev1@twitter.com,Female,63,7/19/2025
3,Vinson,Parnall,vparnall2@tumblr.com,Male,17,12/8/2025
4,Selena,Tudhope,studhope3@w3.org,Female,63,1/18/2026
5,Gal,Yurasov,gyurasov4@gov.uk,Male,17,3/3/2026
6,Melisande,Baglow,mbaglow5@biglobe.ne.jp,Female,44,9/24/2025
7,Dolley,Minger,dminger6@oaic.gov.au,Female,68,4/14/2026
8,Orelie,Bernaldez,obernaldez7@ovh.net,Female,38,4/7/2026
9,Valentin,Nelson,vnelson8@smugmug.com,Male,15,9/8/2025
10,Udall,Crowcum,ucrowcum9@psu.edu,Male,38,8/26/2025
11,Clem,Butterick,cbuttericka@wikipedia.org,Female,33,8/20/2025
12,Cory,O'Harney,coharneyb@wired.com,Female,10,11/10/2025
13,Sherlock,Broader,sbroaderc@prweb.com,Male,59,8/23/2025
14,Harwell,Sanbrook,hsanbrookd@w3.org,Male,20,12/4/2025
15,Larisa,Gregorin,lgregorine@tinyurl.com,Female,31,8/1/2025
16,Jayne,Bridgeman,jbridgemanf@patch.com,Female,76,7/22/2025
17,Osbert,Rounsefull,orounsefullg@slideshare.net,Male,70,2/2/2026
18,Jsandye,Clorley,jclorleyh@infoseek.co.jp,Female,11,5/20/2026
19,Hurley,Kobel,hkobeli@indiegogo.com,Male,22,11/12/2025
20,Winonah,Coveney,wcoveneyj@de.vu,Female,51,8/11/2025
21,Amble,Bootton,aboottonk@engadget.com,Male,49,11/19/2025
22,Corrina,Margaret,cmargaretl@devhub.com,Female,5,6/28/2025
23,Clayborn,Crosfield,ccrosfieldm@google.cn,Male,10,4/7/2026
24,Bel,Zanneli,bzannelin@webs.com,Female,65,11/11/2025
25,Tresa,Wallhead,twallheado@ftc.gov,Female,41,7/31/2025
26,Davine,Trice,dtricep@apple.com,Female,42,9/26/2025
27,Avictor,Hammer,ahammerq@scientificamerican.com,Male,61,10/19/2025
28,Jaquelin,Swayte,jswayter@ebay.co.uk,Female,44,10/4/2025
29,Kermy,Faulkener,kfaulkeners@google.com.hk,Male,55,2/2/2026
30,Clemence,Berthouloume,cberthouloumet@wikimedia.org,Female,34,6/25/2025
31,Hanan,Geydon,hgeydonu@mit.edu,Male,10,10/7/2025
32,Petra,Hollyar,phollyarv@huffingtonpost.com,Female,23,1/7/2026
33,Benita,Wraighte,bwraightew@prnewswire.com,Female,56,6/12/2025
34,Greta,Laffan,glaffanx@reverbnation.com,Female,73,4/25/2026
35,Baird,Figge,bfiggey@imdb.com,Male,27,2/26/2026
36,Asa,Brave,abravez@unesco.org,Male,33,3/17/2026
37,Talbot,Pude,tpude10@t-online.de,Male,34,11/7/2025
38,Jacqui,Kerins,jkerins11@yahoo.com,Female,17,3/1/2026
39,Mitchel,Vassall,mvassall12@xrea.com,Male,61,12/15/2025
40,Danette,Camble,dcamble13@toplist.cz,Female,14,9/3/2025
41,Mano,Scranney,mscranney14@networksolutions.com,Male,63,4/6/2026
42,Rayshell,Kitchinghan,rkitchinghan15@fda.gov,Female,3,12/19/2025
43,Bail,Maceur,bmaceur16@mtv.com,Male,62,3/31/2026
44,Welch,Agott,wagott17@cnet.com,Male,60,4/27/2026
45,Sanford,Bunner,sbunner18@biglobe.ne.jp,Male,27,9/6/2025
46,Engelbert,Kimbrough,ekimbrough19@pcworld.com,Male,44,5/22/2026
47,Raviv,La Padula,rlapadula1a@noaa.gov,Male,70,6/8/2025
48,Gray,Floodgate,gfloodgate1b@live.com,Female,62,1/29/2026
49,Chrystel,Crowcum,ccrowcum1c@epa.gov,Female,14,8/10/2025
50,Hope,Brown,hbrown1d@geocities.com,Female,15,7/29/2025
51,Orren,Panchin,opanchin1e@princeton.edu,Male,74,11/12/2025
52,Base,Rothermel,brothermel1f@icq.com,Male,18,12/2/2025
53,Donelle,Baraclough,dbaraclough1g@unesco.org,Female,59,2/23/2026
54,Fayette,Dudenie,fdudenie1h@joomla.org,Female,71,12/31/2025
55,Lorrie,Cattle,lcattle1i@nbcnews.com,Female,44,10/19/2025
56,Domenic,O'Corrin,docorrin1j@amazon.co.uk,Male,43,11/15/2025
57,Tova,MacGarvey,tmacgarvey1k@salon.com,Female,60,5/9/2026
58,Belita,Davidsohn,bdavidsohn1l@miibeian.gov.cn,Female,78,1/1/2026
59,Lanny,Nickoll,lnickoll1m@smugmug.com,Female,34,4/6/2026
60,Bradford,Wight,bwight1n@behance.net,Male,44,2/13/2026
61,Hollyanne,Roscoe,hroscoe1o@ning.com,Female,9,3/7/2026
62,Vonni,MacAughtrie,vmacaughtrie1p@canalblog.com,Female,77,3/9/2026
63,Bibby,Duester,bduester1q@hhs.gov,Female,44,4/21/2026
64,Garrick,Eyres,geyres1r@edublogs.org,Male,76,1/14/2026
65,Meaghan,Bilam,mbilam1s@mtv.com,Female,58,7/30/2025
66,Matthieu,McGreil,mmcgreil1t@nytimes.com,Male,14,10/29/2025
67,Blancha,Colliss,bcolliss1u@artisteer.com,Female,10,11/28/2025
68,Kelcy,Norkett,knorkett1v@businessinsider.com,Female,24,12/24/2025
69,Errick,Hovel,ehovel1w@etsy.com,Male,79,7/9/2025
70,Olva,Yannikov,oyannikov1x@hao123.com,Female,16,7/27/2025
71,Deerdre,Belcham,dbelcham1y@phpbb.com,Female,1,5/6/2026
72,Meredeth,Goundsy,mgoundsy1z@scientificamerican.com,Male,33,10/11/2025
73,Darline,Tiron,dtiron20@google.fr,Female,20,6/24/2025
74,Andeee,Wickrath,awickrath21@artisteer.com,Female,18,3/6/2026
75,Yulma,Philippon,yphilippon22@sciencedaily.com,Male,14,4/29/2026
76,Johan,Mussilli,jmussilli23@ovh.net,Male,78,6/21/2025
77,Daune,L'Archer,dlarcher24@spotify.com,Female,36,8/13/2025
78,Karlene,Cosby,kcosby25@liveinternet.ru,Female,52,9/4/2025
79,Nealon,Bromwich,nbromwich26@cdc.gov,Male,75,10/28/2025
80,Victoria,Winnister,vwinnister27@bloglovin.com,Female,27,10/26/2025
81,Aryn,MacAnelley,amacanelley28@imageshack.us,Female,65,11/9/2025
82,Felix,Binley,fbinley29@themeforest.net,Male,51,3/20/2026
83,Rudolfo,Kenwell,rkenwell2a@dot.gov,Male,28,9/16/2025
84,Blanche,Gravestone,bgravestone2b@merriam-webster.com,Female,76,7/17/2025
85,Blayne,Tunnacliffe,btunnacliffe2c@miitbeian.gov.cn,Male,68,4/8/2026
86,Brianna,Feifer,bfeifer2d@ca.gov,Female,71,1/10/2026
87,Kalvin,Folkerd,kfolkerd2e@a8.net,Male,13,12/11/2025
88,Tedd,Ready,tready2f@zimbio.com,Male,49,7/3/2025
89,Merwin,Gager,mgager2g@youtu.be,Male,40,9/19/2025
90,Tonye,Pagelsen,tpagelsen2h@theatlantic.com,Female,11,1/26/2026
91,Thorsten,Fronks,tfronks2i@latimes.com,Male,21,12/11/2025
92,Randy,Campagne,rcampagne2j@t.co,Female,58,6/27/2025
93,Cory,Dysart,cdysart2k@blogger.com,Male,67,4/8/2026
94,Annice,Jennison,ajennison2l@livejournal.com,Female,7,11/5/2025
95,Rolf,Cotesford,rcotesford2m@imdb.com,Male,40,7/27/2025
96,Raye,Pears,rpears2n@webnode.com,Female,70,3/20/2026
97,Tuck,Vasechkin,tvasechkin2o@amazon.de,Male,34,1/7/2026
98,Hilde,Chillcot,hchillcot2p@umich.edu,Female,61,4/15/2026
99,Saleem,Baddiley,sbaddiley2q@seattletimes.com,Male,72,1/3/2026
100,Alma,Cossans,acossans2r@flickr.com,Female,39,12/18/2025
101,Elicia,Elington,eelington2s@moonfruit.com,Female,23,9/10/2025
102,Elane,Andreopolos,eandreopolos2t@cargocollective.com,Female,4,11/26/2025
103,Yoshiko,Taggart,ytaggart2u@chicagotribune.com,Female,1,8/26/2025
104,Frankie,Klulisek,fklulisek2v@jiathis.com,Female,74,12/12/2025
105,Simon,Probyn,sprobyn2w@icio.us,Male,37,3/3/2026
106,Malinde,Pinnell,mpinnell2x@prweb.com,Female,29,6/15/2025
107,Carmelia,Fredi,cfredi2y@harvard.edu,Female,37,9/15/2025
108,Rosemarie,Bleddon,rbleddon2z@weather.com,Female,79,8/9/2025
109,Sandy,Franek,sfranek30@icio.us,Male,52,8/24/2025
110,Else,Fawke,efawke31@ucoz.ru,Female,24,10/13/2025
111,Yvonne,Chippindall,ychippindall32@europa.eu,Female,38,12/30/2025
112,Meggi,Noah,mnoah33@marriott.com,Female,53,4/16/2026
113,Molli,Pyer,mpyer34@nifty.com,Female,42,10/31/2025
114,Marjorie,Tuckwell,mtuckwell35@tiny.cc,Female,45,5/22/2026
115,Reynard,Gilhooley,rgilhooley36@elpais.com,Male,13,1/17/2026
116,Stan,Torfin,storfin37@lulu.com,Male,29,6/1/2025
117,Maddy,Franzonetti,mfranzonetti38@si.edu,Male,37,7/12/2025
118,Tim,MacGuffog,tmacguffog39@t-online.de,Male,45,5/27/2026
119,Sharia,Blackett,sblackett3a@chicagotribune.com,Female,78,4/21/2026
120,Carlene,Millea,cmillea3b@ning.com,Female,50,7/13/2025
121,Swen,Simeone,ssimeone3c@w3.org,Male,9,11/17/2025
122,Galven,Zima,gzima3d@parallels.com,Male,51,1/5/2026
123,Darda,Sollom,dsollom3e@wiley.com,Female,78,5/18/2026
124,Eran,Loddon,eloddon3f@bluehost.com,Female,53,6/25/2025
125,Pansie,Morrell,pmorrell3g@cpanel.net,Female,47,5/6/2026
126,Amelia,Sumpton,asumpton3h@columbia.edu,Female,11,11/13/2025
127,Carlyn,Lamy,clamy3i@usgs.gov,Female,60,5/4/2026
128,Simone,Wickstead,swickstead3j@go.com,Male,3,11/26/2025
129,Lanny,Starkings,lstarkings3k@miibeian.gov.cn,Female,5,11/14/2025
130,Elle,Coward,ecoward3l@fema.gov,Female,36,12/24/2025
131,Austina,Mapston,amapston3m@about.me,Female,66,12/4/2025
132,Francisco,Bezzant,fbezzant3n@si.edu,Male,4,5/11/2026
133,Antony,Mattheus,amattheus3o@mayoclinic.com,Male,9,1/14/2026
134,Philippine,Boniface,pboniface3p@purevolume.com,Female,59,6/17/2025
135,Tanner,Petroff,tpetroff3q@buzzfeed.com,Male,70,4/8/2026
136,Olva,Pyper,opyper3r@nba.com,Female,8,5/27/2026
137,Reggie,Markushkin,rmarkushkin3s@ocn.ne.jp,Female,80,10/5/2025
138,Fidole,Coverdale,fcoverdale3t@china.com.cn,Male,54,10/24/2025
139,Ginger,Brotherhood,gbrotherhood3u@bloomberg.com,Male,22,4/21/2026
140,Siusan,Lawling,slawling3v@so-net.ne.jp,Female,60,6/12/2025
141,Allin,Laphorn,alaphorn3w@4shared.com,Male,43,6/13/2025
142,Rachael,Mathelon,rmathelon3x@cnet.com,Female,5,7/19/2025
143,Joyann,Forsdicke,jforsdicke3y@engadget.com,Female,7,7/14/2025
144,Luisa,Stener,lstener3z@lulu.com,Female,71,3/31/2026
145,Gwyn,Imason,gimason40@epa.gov,Female,68,11/8/2025
146,Marshal,Kornas,mkornas41@fotki.com,Male,1,10/10/2025
147,Nichols,Dalling,ndalling42@scientificamerican.com,Male,29,10/13/2025
148,Darwin,Oxenford,doxenford43@goo.gl,Male,25,5/11/2026
149,Bibbye,Tuke,btuke44@ehow.com,Female,73,10/14/2025
150,Raoul,Pinchon,rpinchon45@elpais.com,Male,68,12/22/2025
151,Cherice,Lukash,clukash46@newyorker.com,Female,5,10/4/2025
152,Gauthier,Peagrim,gpeagrim47@lycos.com,Male,31,5/17/2026
153,Farrel,Endley,fendley48@tmall.com,Male,30,2/24/2026
154,Jedediah,Inglis,jinglis49@umich.edu,Male,66,8/9/2025
155,Fletcher,Belli,fbelli4a@census.gov,Male,56,6/29/2025
156,Ennis,Stevens,estevens4b@51.la,Male,14,3/26/2026
157,Duff,Winnard,dwinnard4c@ustream.tv,Male,65,12/6/2025
158,Daniela,Waything,dwaything4d@over-blog.com,Female,57,7/6/2025
159,Winona,Carlisle,wcarlisle4e@vkontakte.ru,Female,76,5/31/2025
160,Honoria,Harberer,hharberer4f@nymag.com,Female,57,10/20/2025
161,Adan,Winskill,awinskill4g@tuttocitta.it,Male,63,3/8/2026
162,Angelo,MacNeilage,amacneilage4h@zdnet.com,Male,8,7/7/2025
163,Ase,Alexsandrowicz,aalexsandrowicz4i@pinterest.com,Male,44,7/20/2025
164,Charleen,Full,cfull4j@marketwatch.com,Female,70,1/15/2026
165,Perry,Aucutt,paucutt4k@cafepress.com,Female,55,1/6/2026
166,Fanchette,Nezey,fnezey4l@amazonaws.com,Female,11,8/6/2025
167,Katusha,Coverdill,kcoverdill4m@noaa.gov,Female,26,4/13/2026
168,Kaspar,Leavold,kleavold4n@webnode.com,Male,4,6/13/2025
169,Gabriella,Truggian,gtruggian4o@ebay.com,Female,48,2/20/2026
170,Asia,Wholesworth,awholesworth4p@geocities.com,Female,16,12/11/2025
171,Phillis,Farloe,pfarloe4q@usnews.com,Female,57,1/26/2026
172,Benjie,Burbudge,bburbudge4r@naver.com,Male,25,2/24/2026
173,Catie,Grinin,cgrinin4s@rakuten.co.jp,Female,41,11/10/2025
174,Frederique,Tremeer,ftremeer4t@merriam-webster.com,Female,25,1/16/2026
175,Kate,Handy,khandy4u@mediafire.com,Female,41,1/30/2026
176,Modesta,Gilley,mgilley4v@fc2.com,Female,57,10/3/2025
177,Tore,Rymer,trymer4w@unicef.org,Male,39,3/4/2026
178,Tristan,Sivewright,tsivewright4x@sitemeter.com,Male,68,3/1/2026
179,Whittaker,Vasilischev,wvasilischev4y@sourceforge.net,Male,64,1/17/2026
180,Park,Scutchin,pscutchin4z@columbia.edu,Male,69,11/12/2025
181,Slade,Blanpein,sblanpein50@smugmug.com,Male,34,9/14/2025
182,Gisella,Domini,gdomini51@ow.ly,Female,52,10/31/2025
183,Upton,Kalinowsky,ukalinowsky52@cbc.ca,Male,12,4/2/2026
184,Hailey,Simonassi,hsimonassi53@wisc.edu,Male,77,6/15/2025
185,Edyth,MacGauhy,emacgauhy54@sakura.ne.jp,Female,9,12/23/2025
186,Shell,Boom,sboom55@addtoany.com,Male,54,2/21/2026
187,Rad,Duiged,rduiged56@foxnews.com,Male,23,10/17/2025
188,Vivi,Treacher,vtreacher57@ycombinator.com,Female,11,3/22/2026
189,Gusty,Mecozzi,gmecozzi58@github.io,Female,47,10/23/2025
190,Brigg,Genike,bgenike59@netvibes.com,Male,54,1/27/2026
191,Karine,Manueli,kmanueli5a@psu.edu,Female,7,6/4/2025
192,Hewett,Bole,hbole5b@hibu.com,Male,15,12/18/2025
193,Zebadiah,Slayny,zslayny5c@ibm.com,Male,33,5/14/2026
194,Margaret,Farthin,mfarthin5d@yandex.ru,Female,66,11/19/2025
195,Thea,Rasmus,trasmus5e@shinystat.com,Female,8,8/18/2025
196,Rudiger,Tiebe,rtiebe5f@free.fr,Male,7,2/16/2026
197,Euell,Ciciura,eciciura5g@cmu.edu,Male,72,8/23/2025
198,Bertram,Tolworth,btolworth5h@istockphoto.com,Male,30,4/10/2026
199,Byran,McSporrin,bmcsporrin5i@google.nl,Male,59,10/27/2025
200,Beltran,Carrell,bcarrell5j@usa.gov,Male,26,10/6/2025
201,Denice,Gibke,dgibke5k@is.gd,Female,42,12/3/2025
202,Darda,Klainman,dklainman5l@sbwire.com,Female,21,4/30/2026
203,Lorianne,Innwood,linnwood5m@cpanel.net,Female,19,7/8/2025
204,Cynthia,Meriot,cmeriot5n@chronoengine.com,Female,23,10/17/2025
205,Leonie,Joret,ljoret5o@microsoft.com,Female,12,1/6/2026
206,Roxanna,Gores,rgores5p@skype.com,Female,61,11/21/2025
207,Carny,Gayther,cgayther5q@hao123.com,Male,9,5/17/2026
208,Bancroft,Crosthwaite,bcrosthwaite5r@omniture.com,Male,54,10/22/2025
209,Alexandro,Ballister,aballister5s@home.pl,Male,26,9/11/2025
210,Hailey,Bosenworth,hbosenworth5t@delicious.com,Male,20,11/27/2025
211,Pearl,Hansed,phansed5u@sakura.ne.jp,Female,60,7/6/2025
212,Bertram,Derx,bderx5v@sogou.com,Male,77,3/23/2026
213,Martita,Spearing,mspearing5w@sakura.ne.jp,Female,67,5/10/2026
214,Mara,Gull,mgull5x@jiathis.com,Female,49,3/29/2026
215,Stevena,Verheyden,sverheyden5y@comsenz.com,Female,63,7/24/2025
216,Kiersten,Etherson,ketherson5z@addtoany.com,Female,5,9/11/2025
217,Amelina,Catteroll,acatteroll60@businessinsider.com,Female,40,12/31/2025
218,Cathy,Jozefowicz,cjozefowicz61@dell.com,Female,67,10/7/2025
219,Lucinda,Foale,lfoale62@prlog.org,Female,55,3/6/2026
220,Karim,Gabites,kgabites63@thetimes.co.uk,Male,31,12/6/2025
221,Fairlie,Mixhel,fmixhel64@army.mil,Male,54,10/25/2025
222,Homer,Breen,hbreen65@state.tx.us,Male,30,10/13/2025
223,Alverta,Winders,awinders66@networkadvertising.org,Female,73,5/20/2026
224,Jaquith,Teece,jteece67@storify.com,Female,49,8/4/2025
225,Greg,Vasyunkin,gvasyunkin68@blogspot.com,Male,22,4/17/2026
226,Tory,Crisell,tcrisell69@lycos.com,Female,51,6/16/2025
227,Cordi,Honeywood,choneywood6a@accuweather.com,Female,15,12/23/2025
228,Lacy,McKelloch,lmckelloch6b@rakuten.co.jp,Female,16,8/28/2025
229,Ollie,Haggerston,ohaggerston6c@ning.com,Male,24,1/21/2026
230,Karon,Errichi,kerrichi6d@cbc.ca,Female,33,6/21/2025
231,Babette,Pavlovic,bpavlovic6e@mayoclinic.com,Female,14,7/24/2025
232,Caspar,Gerasch,cgerasch6f@imageshack.us,Male,46,9/12/2025
233,Pren,Rosberg,prosberg6g@github.com,Male,40,4/15/2026
234,Eldridge,Feldmark,efeldmark6h@comcast.net,Male,13,1/25/2026
235,Ode,O'Mahoney,oomahoney6i@engadget.com,Male,53,8/31/2025
236,Rosabelle,Raye,rraye6j@seattletimes.com,Female,31,12/17/2025
237,Stacy,Biscomb,sbiscomb6k@weather.com,Male,23,8/2/2025
238,Benoit,Smickle,bsmickle6l@github.com,Male,62,5/19/2026
239,Janette,Mowson,jmowson6m@yellowbook.com,Female,43,6/3/2025
240,Ferdy,Hartington,fhartington6n@zdnet.com,Male,33,5/30/2025
241,Hernando,Triebner,htriebner6o@usnews.com,Male,51,5/13/2026
242,Lanae,Affron,laffron6p@bbc.co.uk,Female,51,5/3/2026
243,Jorie,Marke,jmarke6q@shop-pro.jp,Female,41,10/28/2025
244,Flo,McKeown,fmckeown6r@discuz.net,Female,25,2/20/2026
245,Kirbee,Bloore,kbloore6s@economist.com,Female,78,6/13/2025
246,Ezra,Cranshaw,ecranshaw6t@mysql.com,Male,15,11/15/2025
247,Krishnah,Sherebrooke,ksherebrooke6u@go.com,Male,77,10/22/2025
248,Lindi,Zorzi,lzorzi6v@amazon.co.jp,Female,73,9/6/2025
249,Ingmar,Edmans,iedmans6w@spotify.com,Male,65,5/22/2026
250,Donnie,Plante,dplante6x@mit.edu,Male,33,1/11/2026
251,Claiborne,Pikhno,cpikhno6y@hc360.com,Male,74,9/21/2025
252,Kiele,Llorente,kllorente6z@cargocollective.com,Female,75,12/23/2025
253,Dacy,Cuseck,dcuseck70@patch.com,Female,75,10/19/2025
254,Amalita,Lethby,alethby71@mediafire.com,Female,32,9/18/2025
255,Amata,Ambroix,aambroix72@tinypic.com,Female,24,2/10/2026
256,Erskine,Jellicorse,ejellicorse73@samsung.com,Male,72,8/17/2025
257,Rriocard,Stairmand,rstairmand74@cbslocal.com,Male,50,12/10/2025
258,Eric,Meader,emeader75@pinterest.com,Male,25,5/2/2026
259,Hilarius,Mee,hmee76@xing.com,Male,69,4/24/2026
260,Cart,Edmett,cedmett77@dailymotion.com,Male,45,7/2/2025
261,Paloma,Crab,pcrab78@1und1.de,Female,22,6/29/2025
262,Ernestus,Inchcomb,einchcomb79@who.int,Male,62,4/27/2026
263,Erminie,Alonso,ealonso7a@techcrunch.com,Female,17,2/26/2026
264,Kylila,Arnolds,karnolds7b@toplist.cz,Female,38,8/13/2025
265,Tadio,Minihane,tminihane7c@princeton.edu,Male,62,12/7/2025
266,Luisa,Couttes,lcouttes7d@paginegialle.it,Female,58,6/9/2025
267,Daphene,Rudall,drudall7e@hp.com,Female,38,10/23/2025
268,Corrie,Pinck,cpinck7f@dailymail.co.uk,Male,20,7/25/2025
269,Esdras,Munden,emunden7g@ask.com,Male,69,1/10/2026
270,Dyana,Falkus,dfalkus7h@soup.io,Female,9,5/6/2026
271,Melisent,Grieg,mgrieg7i@usa.gov,Female,56,6/14/2025
272,Grove,Sommers,gsommers7j@deviantart.com,Male,65,3/3/2026
273,Hester,Lofthouse,hlofthouse7k@usgs.gov,Female,39,8/7/2025
274,Rafaelia,Tommen,rtommen7l@over-blog.com,Female,41,7/21/2025
275,Benn,Louedey,blouedey7m@mediafire.com,Male,32,12/31/2025
276,Rudyard,Burdell,rburdell7n@europa.eu,Male,49,2/28/2026
277,Kattie,Esgate,kesgate7o@newsvine.com,Female,60,9/10/2025
278,Glenda,Long,glong7p@pbs.org,Female,49,8/29/2025
279,Frankie,Fermin,ffermin7q@bravesites.com,Male,44,9/25/2025
280,Viviyan,Bury,vbury7r@hhs.gov,Female,15,4/9/2026
281,Darius,Mandrake,dmandrake7s@uiuc.edu,Male,55,10/25/2025
282,Kendell,Ybarra,kybarra7t@statcounter.com,Male,30,11/18/2025
283,Timoteo,Moncreiff,tmoncreiff7u@jimdo.com,Male,38,5/21/2026
284,Sandor,Dolphin,sdolphin7v@wufoo.com,Male,4,5/17/2026
285,Ramona,Devine,rdevine7w@salon.com,Female,28,7/12/2025
286,Oralia,Gietz,ogietz7x@google.de,Female,41,2/2/2026
287,Emmi,Belfrage,ebelfrage7y@vkontakte.ru,Female,66,8/8/2025
288,Danielle,Laidlaw,dlaidlaw7z@reuters.com,Female,2,9/5/2025
289,Camile,Signe,csigne80@mozilla.com,Female,65,4/10/2026
290,Hedi,Orme,horme81@mashable.com,Female,33,10/12/2025
291,Teddie,Wheowall,twheowall82@sitemeter.com,Female,79,5/31/2025
292,Putnam,Upex,pupex83@usgs.gov,Male,68,6/23/2025
293,Conchita,Suggett,csuggett84@apple.com,Female,63,9/1/2025
294,Kincaid,Golling,kgolling85@irs.gov,Male,27,4/5/2026
295,Francis,Joskowitz,fjoskowitz86@thetimes.co.uk,Male,27,7/3/2025
296,Cassius,Alfonsetto,calfonsetto87@google.fr,Male,74,3/5/2026
297,Lorinda,Baumer,lbaumer88@eepurl.com,Female,40,7/7/2025
298,Padgett,Brambill,pbrambill89@java.com,Male,48,10/2/2025
299,Chloris,Boatswain,cboatswain8a@nps.gov,Female,68,8/7/2025
300,Randolph,Hamflett,rhamflett8b@illinois.edu,Male,52,6/30/2025
301,Goran,Brosetti,gbrosetti8c@t-online.de,Male,38,4/25/2026
302,Hamid,Gooday,hgooday8d@pbs.org,Male,10,8/18/2025
303,Terri,Boland,tboland8e@devhub.com,Female,17,11/3/2025
304,Rosalynd,Kramer,rkramer8f@sina.com.cn,Female,56,12/7/2025
305,Fletch,Vallentin,fvallentin8g@seattletimes.com,Male,28,10/15/2025
306,Chaddie,Sleany,csleany8h@comsenz.com,Male,10,7/18/2025
307,Beryle,Delgua,bdelgua8i@harvard.edu,Female,34,10/25/2025
308,Charley,Scotchforth,cscotchforth8j@gmpg.org,Male,5,1/17/2026
309,Val,Bridgwood,vbridgwood8k@upenn.edu,Female,47,12/16/2025
310,Viki,Gold,vgold8l@github.com,Female,23,12/12/2025
311,Kelley,Edleston,kedleston8m@twitter.com,Female,4,6/16/2025
312,Augustina,Nijs,anijs8n@biglobe.ne.jp,Female,69,6/28/2025
313,Helyn,Tort,htort8o@businessinsider.com,Female,66,9/22/2025
314,Magdalene,Mechan,mmechan8p@gnu.org,Female,30,10/9/2025
315,Zorine,Blackborough,zblackborough8q@hhs.gov,Female,54,5/5/2026
316,Jerry,Arnet,jarnet8r@globo.com,Male,80,8/26/2025
317,Clemente,Luciano,cluciano8s@usatoday.com,Male,13,7/14/2025
318,Constantin,O'Mannion,comannion8t@paypal.com,Male,74,2/19/2026
319,Ashil,Mellers,amellers8u@unc.edu,Female,19,10/5/2025
320,Terra,Bartak,tbartak8v@twitpic.com,Female,51,7/20/2025
321,Upton,Banaszczyk,ubanaszczyk8w@deliciousdays.com,Male,74,6/27/2025
322,Marlowe,Lishmund,mlishmund8x@usnews.com,Male,76,1/21/2026
323,Tracie,O'Dowd,todowd8y@google.com.hk,Female,22,6/15/2025
324,Amity,Claridge,aclaridge8z@ucsd.edu,Female,19,7/12/2025
325,Merrill,Hoogendorp,mhoogendorp90@imgur.com,Male,52,11/23/2025
326,Blithe,Milan,bmilan91@moonfruit.com,Female,77,10/20/2025
327,Giffer,Meneghi,gmeneghi92@arstechnica.com,Male,26,6/12/2025
328,Slade,Maitland,smaitland93@woothemes.com,Male,4,11/2/2025
329,Dennie,Mityushkin,dmityushkin94@odnoklassniki.ru,Female,47,2/20/2026
330,Birdie,Lydiard,blydiard95@blogspot.com,Female,32,1/19/2026
331,Blaine,Jenteau,bjenteau96@nymag.com,Male,44,3/29/2026
332,Doralin,Carslake,dcarslake97@narod.ru,Female,52,1/8/2026
333,Dionisio,Gaytor,dgaytor98@unblog.fr,Male,3,5/2/2026
334,Julita,Farndell,jfarndell99@virginia.edu,Female,61,2/21/2026
335,Nichols,Ohms,nohms9a@admin.ch,Male,39,11/8/2025
336,Donn,Gillbard,dgillbard9b@so-net.ne.jp,Male,62,8/14/2025
337,Row,Micklewright,rmicklewright9c@xing.com,Female,53,3/25/2026
338,Teddi,Cuppleditch,tcuppleditch9d@noaa.gov,Female,1,6/8/2025
339,Marjy,Pikhno,mpikhno9e@homestead.com,Female,22,7/12/2025
340,Sigismondo,Drohane,sdrohane9f@slate.com,Male,11,10/6/2025
341,Lemar,Harnell,lharnell9g@loc.gov,Male,60,7/12/2025
342,Dore,Blanc,dblanc9h@mtv.com,Female,53,6/21/2025
343,Alejandra,Paradis,aparadis9i@bbb.org,Female,27,5/24/2026
344,Sheri,Orpwood,sorpwood9j@nsw.gov.au,Female,17,1/1/2026
345,Art,Gercke,agercke9k@mayoclinic.com,Male,33,1/2/2026
346,Filberto,Tchaikovsky,ftchaikovsky9l@tripod.com,Male,62,1/3/2026
347,Walsh,Twydell,wtwydell9m@google.fr,Male,7,12/17/2025
348,Larine,Geerdts,lgeerdts9n@github.com,Female,70,3/25/2026
349,Tedi,Brecknock,tbrecknock9o@livejournal.com,Female,58,2/4/2026
350,Ernaline,Connikie,econnikie9p@pcworld.com,Female,51,6/26/2025
351,Ophelie,Slyman,oslyman9q@unc.edu,Female,3,11/4/2025
352,Monty,Cellone,mcellone9r@google.nl,Male,46,3/23/2026
353,Milty,Benardet,mbenardet9s@xinhuanet.com,Male,48,7/5/2025
354,Annnora,Cristofor,acristofor9t@yale.edu,Female,18,9/6/2025
355,Mariellen,Halms,mhalms9u@unicef.org,Female,49,6/28/2025
356,Abelard,Hoyer,ahoyer9v@weibo.com,Male,17,11/28/2025
357,Lenna,Fairburne,lfairburne9w@imgur.com,Female,77,4/15/2026
358,Nickola,Hensmans,nhensmans9x@ameblo.jp,Male,9,5/26/2026
359,Myra,Mably,mmably9y@geocities.com,Female,43,11/16/2025
360,Bella,Roomes,broomes9z@blog.com,Female,24,3/15/2026
361,Cleon,Bucklee,cbuckleea0@vinaora.com,Male,77,9/16/2025
362,Vivien,Kembrey,vkembreya1@fotki.com,Female,13,2/8/2026
363,Elene,Bragg,ebragga2@globo.com,Female,42,6/25/2025
364,Lon,Downgate,ldowngatea3@goodreads.com,Male,73,3/10/2026
365,Washington,Lindelof,wlindelofa4@chicagotribune.com,Male,33,10/23/2025
366,Harold,Bartod,hbartoda5@nationalgeographic.com,Male,49,3/26/2026
367,Ash,Hailwood,ahailwooda6@wikimedia.org,Male,49,4/1/2026
368,Park,Partridge,ppartridgea7@slate.com,Male,1,1/30/2026
369,Earlie,Le Frank,elefranka8@livejournal.com,Male,55,7/24/2025
370,Fidole,Zamorrano,fzamorranoa9@ezinearticles.com,Male,45,3/6/2026
371,Sherwood,Dormand,sdormandaa@hostgator.com,Male,38,8/3/2025
372,Kahlil,Rhodes,krhodesab@wp.com,Male,19,7/16/2025
373,Michele,Camock,mcamockac@hexun.com,Female,10,4/4/2026
374,Cassandry,Normadell,cnormadellad@oakley.com,Female,3,9/25/2025
375,Ara,Vanlint,avanlintae@blogtalkradio.com,Female,66,8/14/2025
376,Ulric,Ragsdall,uragsdallaf@fc2.com,Male,67,3/13/2026
377,Felicdad,Keld,fkeldag@123-reg.co.uk,Female,45,9/13/2025
378,Corny,Lavrinov,clavrinovah@adobe.com,Male,20,12/5/2025
379,Prinz,Juschke,pjuschkeai@e-recht24.de,Male,73,4/20/2026
380,Elysia,Andreas,eandreasaj@cdc.gov,Female,42,3/7/2026
381,Carola,Sabater,csabaterak@squidoo.com,Female,14,10/12/2025
382,Aland,Mouse,amouseal@blogspot.com,Male,32,11/19/2025
383,Val,Hele,vheleam@seesaa.net,Female,60,5/11/2026
384,Carmine,Gibbins,cgibbinsan@deviantart.com,Male,30,6/29/2025
385,Hubie,Howbrook,hhowbrookao@redcross.org,Male,80,6/21/2025
386,Ikey,Garmanson,igarmansonap@state.gov,Male,38,6/27/2025
387,Ondrea,Szymoni,oszymoniaq@dell.com,Female,72,2/23/2026
388,Thibaut,Colvie,tcolviear@friendfeed.com,Male,59,1/21/2026
389,Angel,Silberschatz,asilberschatzas@usgs.gov,Male,13,10/9/2025
390,Rafaellle,Denisovo,rdenisovoat@hexun.com,Male,9,4/13/2026
391,Rosabelle,Gerhold,rgerholdau@oaic.gov.au,Female,73,4/5/2026
392,Suki,Bradnick,sbradnickav@marriott.com,Female,67,3/13/2026
393,Aime,Lark,alarkaw@yale.edu,Female,30,4/21/2026
394,Avrom,Cawdron,acawdronax@parallels.com,Male,47,11/10/2025
395,Decca,Mordie,dmordieay@xrea.com,Male,5,12/7/2025
396,Harry,Ygo,hygoaz@nasa.gov,Male,39,6/21/2025
397,Laughton,Delhay,ldelhayb0@ucoz.ru,Male,74,7/3/2025
398,Brunhilde,Pleager,bpleagerb1@furl.net,Female,41,1/1/2026
399,Elbertine,Jenny,ejennyb2@blog.com,Female,77,2/16/2026
400,Berk,Blaber,bblaberb3@instagram.com,Male,58,9/30/2025
401,Cyndia,Mulvagh,cmulvaghb4@prweb.com,Female,7,8/30/2025
402,Iggy,Croster,icrosterb5@bbc.co.uk,Male,22,9/7/2025
403,Rodd,Dunphy,rdunphyb6@vinaora.com,Male,51,2/11/2026
404,Carr,Coughlin,ccoughlinb7@oracle.com,Male,72,12/28/2025
405,Everett,Wulfinger,ewulfingerb8@china.com.cn,Male,65,3/25/2026
406,Aleen,Albro,aalbrob9@arstechnica.com,Female,64,4/10/2026
407,Doreen,Collingwood,dcollingwoodba@phpbb.com,Female,33,4/20/2026
408,Nolie,Brun,nbrunbb@edublogs.org,Female,9,8/18/2025
409,Cynthea,Brock,cbrockbc@example.com,Female,50,11/10/2025
410,Norry,Favel,nfavelbd@istockphoto.com,Female,24,12/20/2025
411,Salvador,Rewbottom,srewbottombe@wikipedia.org,Male,44,12/29/2025
412,Mariquilla,Rao,mraobf@altervista.org,Female,48,12/17/2025
413,Mariquilla,Iredell,miredellbg@privacy.gov.au,Female,59,11/11/2025
414,Katy,Pyburn,kpyburnbh@un.org,Female,79,2/13/2026
415,Terri,Gallico,tgallicobi@joomla.org,Female,12,9/13/2025
416,Hannah,Cressor,hcressorbj@wikipedia.org,Female,71,3/25/2026
417,Morgun,Barson,mbarsonbk@biglobe.ne.jp,Male,23,4/28/2026
418,Alano,Heakins,aheakinsbl@furl.net,Male,34,1/8/2026
419,Rufus,Shaylor,rshaylorbm@artisteer.com,Male,20,3/15/2026
420,Aldo,Ridsdell,aridsdellbn@slate.com,Male,43,3/29/2026
421,Lorenzo,Dewer,ldewerbo@whitehouse.gov,Male,9,1/14/2026
422,Kanya,Simoneau,ksimoneaubp@de.vu,Female,78,5/10/2026
423,Edita,Tire,etirebq@purevolume.com,Female,75,4/20/2026
424,Melantha,Lempenny,mlempennybr@ftc.gov,Female,40,9/6/2025
425,Wes,Esherwood,wesherwoodbs@usa.gov,Male,74,3/1/2026
426,Kat,Prozescky,kprozesckybt@globo.com,Female,17,9/10/2025
427,Dalis,Bockmann,dbockmannbu@mlb.com,Male,9,3/23/2026
428,Barry,Maxwale,bmaxwalebv@webnode.com,Male,60,10/28/2025
429,Sauveur,Vaines,svainesbw@t-online.de,Male,52,4/8/2026
430,Agathe,Ferraro,aferrarobx@imdb.com,Female,2,11/5/2025
431,Penrod,Boggis,pboggisby@addtoany.com,Male,55,5/25/2026
432,Tiebout,Esland,teslandbz@soundcloud.com,Male,5,8/23/2025
433,Adorne,Smorthit,asmorthitc0@answers.com,Female,43,6/2/2025
434,Robby,Prenty,rprentyc1@yale.edu,Male,21,2/24/2026
435,Alexandros,Gant,agantc2@mysql.com,Male,41,5/13/2026
436,Erie,Liver,eliverc3@phoca.cz,Male,47,7/4/2025
437,Fredericka,Agiolfinger,fagiolfingerc4@deliciousdays.com,Female,72,10/6/2025
438,Cos,Poznanski,cpoznanskic5@seesaa.net,Male,33,11/12/2025
439,Cherilyn,Matuszkiewicz,cmatuszkiewiczc6@google.co.jp,Female,70,3/28/2026
440,Abbot,Lesley,alesleyc7@foxnews.com,Male,24,4/9/2026
441,Serge,Fawdrey,sfawdreyc8@tuttocitta.it,Male,75,3/11/2026
442,Eddie,Sandeland,esandelandc9@hostgator.com,Male,45,2/26/2026
443,Kristofor,Parkman,kparkmanca@examiner.com,Male,67,8/23/2025
444,Jill,Lyosik,jlyosikcb@angelfire.com,Female,38,8/15/2025
445,Archibaldo,Leathard,aleathardcc@sogou.com,Male,42,10/10/2025
446,Elmo,Outibridge,eoutibridgecd@narod.ru,Male,35,8/8/2025
447,Alyson,Height,aheightce@noaa.gov,Female,31,10/20/2025
448,Truman,Wimms,twimmscf@latimes.com,Male,58,10/10/2025
449,Alvy,Skelding,askeldingcg@oakley.com,Male,3,7/1/2025
450,Rolph,Dybell,rdybellch@arizona.edu,Male,46,6/18/2025
451,Monti,Tee,mteeci@ovh.net,Male,7,6/24/2025
452,Agustin,Ainsbury,aainsburycj@google.co.uk,Male,21,3/2/2026
453,Hermine,Shambrook,hshambrookck@sciencedirect.com,Female,27,4/11/2026
454,Hugo,Van Der Walt,hvanderwaltcl@smh.com.au,Male,65,12/21/2025
455,Xenia,Epsley,xepsleycm@studiopress.com,Female,36,7/21/2025
456,Myra,Stannas,mstannascn@tripadvisor.com,Female,77,4/12/2026
457,Alexis,Beastall,abeastallco@netvibes.com,Female,36,9/24/2025
458,Kilian,Tireman,ktiremancp@marketwatch.com,Male,57,2/28/2026
459,Bryn,Sherwood,bsherwoodcq@economist.com,Male,49,12/17/2025
460,L;urette,Haspineall,lhaspineallcr@netscape.com,Female,22,9/6/2025
461,Corene,Hefford,cheffordcs@google.com.hk,Female,45,12/21/2025
462,Shane,Lyttle,slyttlect@naver.com,Male,7,5/9/2026
463,Caryl,Dumphries,cdumphriescu@blinklist.com,Female,40,12/6/2025
464,Maynard,Ovanesian,movanesiancv@ycombinator.com,Male,40,7/2/2025
465,Austina,Strowthers,astrowtherscw@unicef.org,Female,35,5/15/2026
466,Paten,Presho,ppreshocx@omniture.com,Male,65,4/11/2026
467,Melitta,Wollard,mwollardcy@plala.or.jp,Female,73,8/21/2025
468,Philip,Livzey,plivzeycz@plala.or.jp,Male,51,4/19/2026
469,Konstance,Tyrrell,ktyrrelld0@engadget.com,Female,38,8/4/2025
470,Ranna,McGeorge,rmcgeorged1@amazonaws.com,Female,8,7/4/2025
471,Archy,Werndly,awerndlyd2@comcast.net,Male,56,5/26/2026
472,Toinette,Chidzoy,tchidzoyd3@printfriendly.com,Female,63,6/20/2025
473,Klarrisa,Getley,kgetleyd4@oracle.com,Female,47,9/20/2025
474,Susanna,Leadstone,sleadstoned5@smugmug.com,Female,61,6/11/2025
475,Ardith,Ohlsen,aohlsend6@networksolutions.com,Female,1,8/4/2025
476,Berthe,Kneale,bknealed7@globo.com,Female,34,10/6/2025
477,Dexter,Ceyssen,dceyssend8@linkedin.com,Male,38,7/21/2025
478,Kerstin,McGarel,kmcgareld9@mapquest.com,Female,32,7/15/2025
479,Matthiew,Reddoch,mreddochda@paypal.com,Male,4,9/18/2025
480,Dorrie,Towriss,dtowrissdb@army.mil,Female,58,3/28/2026
481,Nady,Rockwill,nrockwilldc@comcast.net,Female,21,9/30/2025
482,Camey,Deschelle,cdeschelledd@miitbeian.gov.cn,Male,44,10/9/2025
483,Allyce,Betjeman,abetjemande@sogou.com,Female,2,12/21/2025
484,Alene,July,ajulydf@reuters.com,Female,28,4/27/2026
485,Sterling,Slot,sslotdg@icio.us,Male,59,6/11/2025
486,Sher,Edmeades,sedmeadesdh@cornell.edu,Female,78,3/4/2026
487,Linc,Sickling,lsicklingdi@sun.com,Male,13,12/18/2025
488,Bliss,Thundercliffe,bthundercliffedj@jiathis.com,Female,74,9/4/2025
489,Jefferson,Vagg,jvaggdk@tinyurl.com,Male,50,8/6/2025
490,Ula,Denys,udenysdl@booking.com,Female,80,11/24/2025
491,Alexine,Wallage,awallagedm@eventbrite.com,Female,34,7/28/2025
492,Fionnula,Milkeham,fmilkehamdn@imdb.com,Female,19,5/26/2026
493,Gradey,Imloch,gimlochdo@wix.com,Male,17,9/6/2025
494,Adrian,Regelous,aregelousdp@cargocollective.com,Male,60,8/17/2025
495,Jobyna,Affleck,jaffleckdq@chron.com,Female,72,6/6/2025
496,Halsey,Mugg,hmuggdr@psu.edu,Male,10,10/18/2025
497,Sibyl,Huxster,shuxsterds@wikipedia.org,Male,9,4/26/2026
498,Cece,Hartil,chartildt@wikispaces.com,Male,58,8/23/2025
499,Marlee,Wabb,mwabbdu@chicagotribune.com,Female,59,12/30/2025
500,Melessa,Polycote,mpolycotedv@aboutads.info,Female,19,12/14/2025
501,Royal,Anthon,ranthondw@google.co.uk,Male,19,2/28/2026
502,Beret,Dinsdale,bdinsdaledx@gravatar.com,Female,76,10/27/2025
503,Barbee,Swynfen,bswynfendy@cloudflare.com,Female,58,1/20/2026
504,Olva,Gogarty,ogogartydz@amazon.com,Female,59,3/16/2026
505,Karlis,Higgonet,khiggonete0@google.de,Male,53,4/17/2026
506,Lanette,Hierro,lhierroe1@economist.com,Female,74,10/8/2025
507,Stillmann,Gavriel,sgavriele2@soundcloud.com,Male,71,5/13/2026
508,Romeo,Alenikov,ralenikove3@army.mil,Male,17,5/6/2026
509,Dallis,Kleinpeltz,dkleinpeltze4@cocolog-nifty.com,Male,47,5/17/2026
510,Cordey,Kinworthy,ckinworthye5@meetup.com,Female,39,3/25/2026
511,Sharyl,Bunten,sbuntene6@cocolog-nifty.com,Female,11,5/23/2026
512,Norry,McCreedy,nmccreedye7@hhs.gov,Male,79,2/18/2026
513,Zilvia,Leward,zlewarde8@goo.ne.jp,Female,13,5/12/2026
514,Tomasina,Muddimer,tmuddimere9@tmall.com,Female,31,4/14/2026
515,Nadya,Danter,ndanterea@ask.com,Female,15,6/15/2025
516,Brian,McPaik,bmcpaikeb@people.com.cn,Male,34,5/9/2026
517,Justin,Caple,jcapleec@mtv.com,Male,35,7/23/2025
518,Hasheem,Greenier,hgreeniered@diigo.com,Male,64,11/22/2025
519,Haslett,Ravel,hravelee@booking.com,Male,45,12/6/2025
520,Kirk,Evitts,kevittsef@elegantthemes.com,Male,26,4/8/2026
521,Orin,Thebeaud,othebeaudeg@shop-pro.jp,Male,74,9/20/2025
522,Alan,Corns,acornseh@linkedin.com,Male,15,5/22/2026
523,Fidelia,Mulheron,fmulheronei@hp.com,Female,61,7/3/2025
524,Cherlyn,Whetland,cwhetlandej@acquirethisname.com,Female,69,7/31/2025
525,Cal,Viger,cvigerek@purevolume.com,Female,9,3/2/2026
526,Leicester,Carabine,lcarabineel@slashdot.org,Male,27,3/12/2026
527,Frasquito,Akeherst,fakeherstem@addtoany.com,Male,27,12/28/2025
528,Leda,Erratt,lerratten@miitbeian.gov.cn,Female,77,12/26/2025
529,Kelby,Meighan,kmeighaneo@indiatimes.com,Male,50,4/1/2026
530,Ardyth,Basek,abasekep@imdb.com,Female,70,2/9/2026
531,Sydelle,Libero,sliberoeq@bluehost.com,Female,62,4/7/2026
532,Finn,Bremley,fbremleyer@quantcast.com,Male,79,12/25/2025
533,Dugald,Lyptrade,dlyptradees@zimbio.com,Male,38,10/19/2025
534,Hyacintha,Doswell,hdoswellet@adobe.com,Female,11,5/28/2026
535,Dynah,Salvadori,dsalvadorieu@state.tx.us,Female,36,11/15/2025
536,Candide,Adamec,cadamecev@marriott.com,Female,75,4/3/2026
537,Cammy,McClunaghan,cmcclunaghanew@ted.com,Female,25,5/5/2026
538,Kingston,Clemon,kclemonex@gmpg.org,Male,54,7/19/2025
539,Zane,Durrington,zdurringtoney@dropbox.com,Male,35,5/16/2026
540,Ned,Balderston,nbalderstonez@lulu.com,Male,45,6/8/2025
541,Field,Delagnes,fdelagnesf0@ezinearticles.com,Male,13,1/16/2026
542,Garald,Pinar,gpinarf1@ycombinator.com,Male,39,5/25/2026
543,Misty,Hitchens,mhitchensf2@netscape.com,Female,40,5/23/2026
544,Chrystel,Ding,cdingf3@shop-pro.jp,Female,74,11/16/2025
545,Guido,Gleder,gglederf4@gizmodo.com,Male,50,10/18/2025
546,Morgen,Cudiff,mcudifff5@phoca.cz,Male,75,12/20/2025
547,Gallard,Songer,gsongerf6@domainmarket.com,Male,28,3/8/2026
548,Lou,Dufton,lduftonf7@dailymail.co.uk,Female,15,6/26/2025
549,Douglas,Kilmary,dkilmaryf8@cornell.edu,Male,42,12/7/2025
550,Brose,Eakle,beaklef9@cornell.edu,Male,67,6/4/2025
551,Far,Solano,fsolanofa@washington.edu,Male,79,9/15/2025
552,Dierdre,Lerer,dlererfb@simplemachines.org,Female,69,12/15/2025
553,Ashlen,Bircher,abircherfc@cocolog-nifty.com,Female,60,2/11/2026
554,Giacobo,Pendrid,gpendridfd@last.fm,Male,51,2/2/2026
555,Karia,Melin,kmelinfe@people.com.cn,Female,69,4/26/2026
556,Tony,Aronin,taroninff@hubpages.com,Male,67,6/9/2025
557,Cybil,McPaik,cmcpaikfg@domainmarket.com,Female,3,7/20/2025
558,Lauren,Joist,ljoistfh@naver.com,Female,52,4/3/2026
559,Koressa,Mackstead,kmacksteadfi@google.cn,Female,38,10/16/2025
560,Wendel,Marunchak,wmarunchakfj@unc.edu,Male,7,4/22/2026
561,Leupold,Chittem,lchittemfk@wunderground.com,Male,67,6/5/2025
562,Doti,Hefferon,dhefferonfl@chron.com,Female,66,5/5/2026
563,Roseann,Guite,rguitefm@nature.com,Female,76,8/19/2025
564,Julia,Harfleet,jharfleetfn@wufoo.com,Female,56,7/18/2025
565,Silvano,Sazio,ssaziofo@mediafire.com,Male,75,1/3/2026
566,Betsy,Piccard,bpiccardfp@skyrock.com,Female,69,10/17/2025
567,Gretna,Gages,ggagesfq@slate.com,Female,71,6/4/2025
568,Paxton,Dimitrie,pdimitriefr@answers.com,Male,72,4/10/2026
569,Idelle,Dorre,idorrefs@apache.org,Female,28,11/24/2025
570,Leandra,Folbigg,lfolbiggft@stanford.edu,Female,73,10/10/2025
571,Winifred,Gairdner,wgairdnerfu@behance.net,Female,75,10/19/2025
572,Lek,Mayou,lmayoufv@ihg.com,Male,50,6/23/2025
573,Jojo,Cassey,jcasseyfw@ameblo.jp,Female,35,11/4/2025
574,Shermie,Vettore,svettorefx@google.ca,Male,10,2/9/2026
575,Bryon,MacGaughy,bmacgaughyfy@phoca.cz,Male,13,6/5/2025
576,Hewett,Stanyon,hstanyonfz@statcounter.com,Male,64,1/15/2026
577,Donnell,Edeler,dedelerg0@washington.edu,Male,30,12/31/2025
578,Rossie,Buie,rbuieg1@cdbaby.com,Male,54,6/5/2025
579,Leontine,Brigshaw,lbrigshawg2@accuweather.com,Female,28,3/28/2026
580,Glynnis,Harroway,gharrowayg3@nationalgeographic.com,Female,7,3/22/2026
581,Reese,Dyett,rdyettg4@simplemachines.org,Male,48,3/19/2026
582,Laney,Darree,ldarreeg5@nps.gov,Male,52,8/7/2025
583,Pepita,Butt,pbuttg6@tmall.com,Female,76,7/7/2025
584,Herc,Guiu,hguiug7@weibo.com,Male,41,6/11/2025
585,Anthiathia,Morton,amortong8@timesonline.co.uk,Female,37,7/9/2025
586,Elbert,Baress,ebaressg9@reference.com,Male,5,3/9/2026
587,Lemuel,Stanbro,lstanbroga@google.co.uk,Male,29,1/18/2026
588,Terri,Dunlap,tdunlapgb@tripadvisor.com,Male,35,7/23/2025
589,Jermaine,Caldwall,jcaldwallgc@cargocollective.com,Female,30,12/12/2025
590,Cob,Gatling,cgatlinggd@intel.com,Male,4,10/19/2025
591,Saul,Sorro,ssorroge@telegraph.co.uk,Male,39,9/18/2025
592,Elsie,Drakes,edrakesgf@yale.edu,Female,62,7/21/2025
593,Darnall,Charlotte,dcharlottegg@google.fr,Male,59,9/4/2025
594,Nat,Fenty,nfentygh@scribd.com,Female,6,3/1/2026
595,Brittney,Hathorn,bhathorngi@biblegateway.com,Female,4,3/21/2026
596,Natalee,McTague,nmctaguegj@who.int,Female,31,7/2/2025
597,Therese,Shearwood,tshearwoodgk@disqus.com,Female,59,6/27/2025
598,Della,Rounce,drouncegl@rambler.ru,Female,36,12/22/2025
599,Verne,Gerauld,vgerauldgm@ebay.co.uk,Male,34,9/24/2025
600,Killy,Chaffin,kchaffingn@rambler.ru,Male,12,11/9/2025
601,Catha,Guerro,cguerrogo@ox.ac.uk,Female,70,6/7/2025
602,Lorin,L'Amie,llamiegp@hud.gov,Male,40,1/16/2026
603,Hilly,Coye,hcoyegq@statcounter.com,Male,36,7/27/2025
604,Kellia,Merryman,kmerrymangr@4shared.com,Female,38,11/12/2025
605,Glynis,O'Doogan,godoogangs@google.com.hk,Female,58,8/16/2025
606,Hadleigh,Filipputti,hfilipputtigt@phpbb.com,Male,37,5/24/2026
607,Isis,Kempston,ikempstongu@indiegogo.com,Female,45,9/23/2025
608,Chico,Harkin,charkingv@google.fr,Male,21,2/6/2026
609,Prent,Cowgill,pcowgillgw@europa.eu,Male,39,9/1/2025
610,Hope,Kunc,hkuncgx@mtv.com,Female,74,5/26/2026
611,Colby,Dawidsohn,cdawidsohngy@ft.com,Male,16,11/26/2025
612,Riva,Folcarelli,rfolcarelligz@discuz.net,Female,80,10/20/2025
613,Nealon,Isted,nistedh0@china.com.cn,Male,57,6/25/2025
614,Graham,Marvin,gmarvinh1@squarespace.com,Male,33,10/24/2025
615,Brook,Greenlies,bgreenliesh2@canalblog.com,Male,6,5/30/2025
616,Niven,Kingston,nkingstonh3@ning.com,Male,6,2/28/2026
617,Gabriellia,Iozefovich,giozefovichh4@admin.ch,Female,22,2/12/2026
618,Sherwood,Duffet,sduffeth5@ucsd.edu,Male,20,7/2/2025
619,Jesus,Van Bruggen,jvanbruggenh6@businessinsider.com,Male,71,10/19/2025
620,Glynn,Varley,gvarleyh7@tuttocitta.it,Male,2,3/23/2026
621,Mattie,Gyves,mgyvesh8@youtube.com,Female,6,2/17/2026
622,Hannie,Barajas,hbarajash9@ebay.co.uk,Female,25,11/28/2025
623,Phil,Bolin,pbolinha@netscape.com,Male,49,7/25/2025
624,Cesar,Oherlihy,coherlihyhb@go.com,Male,62,10/26/2025
625,Spencer,Death,sdeathhc@wisc.edu,Male,14,6/3/2025
626,Milka,Dooney,mdooneyhd@issuu.com,Female,61,7/29/2025
627,Ogden,Noquet,onoquethe@360.cn,Male,71,3/9/2026
628,Dillon,Rimmer,drimmerhf@diigo.com,Male,67,11/12/2025
629,Ira,Cosgriff,icosgriffhg@multiply.com,Male,32,4/21/2026
630,Godiva,Ferrey,gferreyhh@biglobe.ne.jp,Female,67,10/13/2025
631,Benetta,Gillaspy,bgillaspyhi@goodreads.com,Female,11,1/14/2026
632,Robinet,Stinson,rstinsonhj@simplemachines.org,Male,17,11/17/2025
633,Tyne,Ruff,truffhk@shutterfly.com,Female,2,6/8/2025
634,Sandie,Westmoreland,swestmorelandhl@theglobeandmail.com,Female,17,7/19/2025
635,Zebedee,Battisson,zbattissonhm@bloglines.com,Male,9,10/23/2025
636,Anna-diane,Noorwood,anoorwoodhn@comsenz.com,Female,13,8/11/2025
637,Ulises,Fontanet,ufontanetho@nationalgeographic.com,Male,50,12/2/2025
638,Bobby,Tilmouth,btilmouthhp@typepad.com,Female,13,2/2/2026
639,Piotr,Melmar,pmelmarhq@umich.edu,Male,79,3/27/2026
640,Cameron,Lace,clacehr@ehow.com,Male,45,4/21/2026
641,Liv,Banes,lbaneshs@ameblo.jp,Female,66,5/27/2026
642,Pasquale,Wateridge,pwateridgeht@godaddy.com,Male,26,8/8/2025
643,Saul,Longfoot,slongfoothu@ask.com,Male,34,7/23/2025
644,Jodi,Coleby,jcolebyhv@boston.com,Male,33,3/24/2026
645,Salvidor,Samsonsen,ssamsonsenhw@icio.us,Male,22,5/17/2026
646,Ailina,Petrenko,apetrenkohx@deviantart.com,Female,50,7/16/2025
647,Udell,Llewellyn,ullewellynhy@ed.gov,Male,58,7/25/2025
648,Deni,Blundon,dblundonhz@usnews.com,Female,7,8/17/2025
649,Isaac,Fountian,ifountiani0@hhs.gov,Male,17,2/16/2026
650,Hillyer,Cutforth,hcutforthi1@sourceforge.net,Male,30,9/5/2025
651,Leonanie,Ciabatteri,lciabatterii2@dion.ne.jp,Female,34,5/5/2026
652,Zack,Ruthen,zrutheni3@census.gov,Male,10,8/11/2025
653,Klarika,Hise,khisei4@quantcast.com,Female,3,4/30/2026
654,Bendicty,Daldry,bdaldryi5@soup.io,Male,24,9/22/2025
655,Hadley,Vennard,hvennardi6@is.gd,Male,56,8/10/2025
656,Jackelyn,Onraet,jonraeti7@hc360.com,Female,7,4/22/2026
657,Mauricio,Thomesson,mthomessoni8@eventbrite.com,Male,38,3/20/2026
658,Elvis,Worlidge,eworlidgei9@opera.com,Male,8,1/14/2026
659,Anastasie,Torrisi,atorrisiia@unesco.org,Female,18,2/9/2026
660,Base,Stoade,bstoadeib@dion.ne.jp,Male,39,2/15/2026
661,Kath,Joll,kjollic@symantec.com,Female,44,11/27/2025
662,Berget,Bortoletti,bbortolettiid@shop-pro.jp,Female,61,9/6/2025
663,Angelo,Borsi,aborsiie@goodreads.com,Male,21,7/18/2025
664,Malcolm,Dymond,mdymondif@drupal.org,Male,50,12/6/2025
665,Freddie,Woonton,fwoontonig@princeton.edu,Male,43,9/26/2025
666,Mona,Farr,mfarrih@bandcamp.com,Female,78,6/28/2025
667,Waverley,Vallentin,wvallentinii@miibeian.gov.cn,Male,48,8/26/2025
668,Obed,Presser,opresserij@lycos.com,Male,2,8/23/2025
669,Mac,Sharrocks,msharrocksik@dell.com,Male,67,2/2/2026
670,Rawley,Elcum,relcumil@nbcnews.com,Male,39,4/2/2026
671,Ediva,Dracey,edraceyim@oaic.gov.au,Female,16,3/16/2026
672,Bernice,Blader,bbladerin@usnews.com,Female,48,11/27/2025
673,Clotilda,Curner,ccurnerio@theglobeandmail.com,Female,1,5/6/2026
674,Milty,Clissold,mclissoldip@yale.edu,Male,14,3/8/2026
675,Gratiana,Sawle,gsawleiq@cdbaby.com,Female,53,12/8/2025
676,Amby,Durrans,adurransir@scribd.com,Male,49,1/9/2026
677,Corny,Gurnay,cgurnayis@answers.com,Female,20,8/6/2025
678,Christy,Avramovich,cavramovichit@tamu.edu,Male,61,7/31/2025
679,Larine,Davidesco,ldavidescoiu@goo.ne.jp,Female,68,3/16/2026
680,Devy,Redwing,dredwingiv@smugmug.com,Male,63,8/17/2025
681,Guenevere,Bernette,gbernetteiw@twitter.com,Female,36,7/24/2025
682,Jaquenetta,MacGinley,jmacginleyix@ftc.gov,Female,68,6/16/2025
683,Gweneth,Trippack,gtrippackiy@sphinn.com,Female,22,10/29/2025
684,Delmore,Garbutt,dgarbuttiz@dagondesign.com,Male,27,2/26/2026
685,Georgina,Acock,gacockj0@bizjournals.com,Female,58,8/6/2025
686,Arlen,Swainger,aswaingerj1@opensource.org,Male,5,12/22/2025
687,Eddy,Falkingham,efalkinghamj2@ifeng.com,Female,20,3/25/2026
688,Carver,Birwhistle,cbirwhistlej3@amazon.de,Male,73,11/16/2025
689,Annmarie,Phelps,aphelpsj4@answers.com,Female,74,2/6/2026
690,Micki,Calderhead,mcalderheadj5@amazon.co.uk,Female,29,12/29/2025
691,Nikolos,Husselbee,nhusselbeej6@sitemeter.com,Male,29,4/4/2026
692,Terry,Bunner,tbunnerj7@photobucket.com,Male,43,6/4/2025
693,Minor,Trye,mtryej8@chron.com,Male,16,8/19/2025
694,Enos,Drayn,edraynj9@flickr.com,Male,16,7/14/2025
695,Vanessa,Geggus,vgeggusja@mysql.com,Female,30,1/20/2026
696,Tove,Pegrum,tpegrumjb@stanford.edu,Female,77,6/14/2025
697,Cob,Brogden,cbrogdenjc@shareasale.com,Male,53,4/8/2026
698,Bernadine,Tisun,btisunjd@bizjournals.com,Female,40,10/23/2025
699,Roshelle,Stonhouse,rstonhouseje@icio.us,Female,62,10/11/2025
700,Eugine,McArdle,emcardlejf@businessinsider.com,Female,60,10/11/2025
701,Dulcine,Odney,dodneyjg@utexas.edu,Female,46,9/20/2025
702,Drew,Stuttard,dstuttardjh@deviantart.com,Male,11,8/14/2025
703,Waldemar,Coatts,wcoattsji@addthis.com,Male,65,1/7/2026
704,Elene,Mainds,emaindsjj@salon.com,Female,10,2/14/2026
705,Coreen,Wyldes,cwyldesjk@so-net.ne.jp,Female,61,3/5/2026
706,Osmund,Wolverson,owolversonjl@shop-pro.jp,Male,15,1/30/2026
707,Terrill,Filasov,tfilasovjm@trellian.com,Male,33,12/28/2025
708,Hank,MacKay,hmackayjn@360.cn,Male,26,7/13/2025
709,Barris,Dinis,bdinisjo@jugem.jp,Male,21,2/7/2026
710,Mead,Collie,mcolliejp@1688.com,Female,22,12/19/2025
711,Genni,Thorald,gthoraldjq@businessweek.com,Female,17,1/16/2026
712,Tyler,Sommerscales,tsommerscalesjr@cdbaby.com,Male,62,10/19/2025
713,Bogey,Shay,bshayjs@prweb.com,Male,63,8/15/2025
714,Adrienne,Mehmet,amehmetjt@plala.or.jp,Female,54,1/28/2026
715,Jilly,Antley,jantleyju@mysql.com,Female,80,12/30/2025
716,Dermot,Sego,dsegojv@shop-pro.jp,Male,8,7/13/2025
717,Collete,Blinkhorn,cblinkhornjw@usda.gov,Female,9,9/2/2025
718,Goraud,MacFayden,gmacfaydenjx@phpbb.com,Male,34,1/3/2026
719,Tiphany,Guppy,tguppyjy@eventbrite.com,Female,15,1/3/2026
720,Cele,Everil,ceveriljz@gizmodo.com,Female,12,6/10/2025
721,Giordano,Sidebotton,gsidebottonk0@amazon.co.uk,Male,14,9/8/2025
722,Morgen,Blissitt,mblissittk1@devhub.com,Male,64,10/10/2025
723,Jedediah,Gaynor,jgaynork2@posterous.com,Male,59,2/20/2026
724,Rutter,Caban,rcabank3@pbs.org,Male,25,3/17/2026
725,Daffi,Olphert,dolphertk4@home.pl,Female,80,7/15/2025
726,Seumas,Surphliss,ssurphlissk5@opera.com,Male,75,10/17/2025
727,Courtenay,Conti,ccontik6@hostgator.com,Female,35,4/2/2026
728,Daisie,Poltone,dpoltonek7@issuu.com,Female,37,6/11/2025
729,Dunc,Bicksteth,dbickstethk8@discuz.net,Male,53,7/2/2025
730,Dorette,Teague,dteaguek9@samsung.com,Female,19,3/13/2026
731,Hilary,Nealy,hnealyka@sciencedaily.com,Male,24,7/8/2025
732,Gabbi,Middis,gmiddiskb@hibu.com,Female,53,5/17/2026
733,Saleem,Casero,scaserokc@ft.com,Male,31,8/10/2025
734,El,Silverthorne,esilverthornekd@cisco.com,Male,46,3/18/2026
735,Auberon,Jacobson,ajacobsonke@youtu.be,Male,67,9/20/2025
736,Daryl,Balthasar,dbalthasarkf@bandcamp.com,Male,22,5/8/2026
737,Yasmeen,Bassam,ybassamkg@twitpic.com,Female,69,1/11/2026
738,Giacinta,McDoual,gmcdoualkh@live.com,Female,49,6/29/2025
739,Trueman,Legon,tlegonki@foxnews.com,Male,11,11/24/2025
740,Janette,Freiberg,jfreibergkj@alexa.com,Female,62,1/2/2026
741,Blane,Caff,bcaffkk@drupal.org,Male,29,9/22/2025
742,Flossi,Castletine,fcastletinekl@ameblo.jp,Female,10,8/24/2025
743,Christoffer,Reynault,creynaultkm@businesswire.com,Male,32,6/22/2025
744,Andreas,Rolingson,arolingsonkn@seesaa.net,Male,16,12/3/2025
745,Nikita,Mulhill,nmulhillko@abc.net.au,Male,77,1/17/2026
746,Kipper,Halvorsen,khalvorsenkp@nymag.com,Male,70,3/11/2026
747,Ginny,LLelweln,gllelwelnkq@miibeian.gov.cn,Female,63,4/28/2026
748,Giralda,Marns,gmarnskr@nasa.gov,Female,21,12/28/2025
749,Irvine,Roaf,iroafks@symantec.com,Male,29,12/28/2025
750,Barrie,Swanson,bswansonkt@google.co.jp,Male,22,10/23/2025
751,Elianore,Gwatkin,egwatkinku@nydailynews.com,Female,22,8/12/2025
752,Stirling,Sandilands,ssandilandskv@hugedomains.com,Male,39,2/13/2026
753,Mauricio,Niessen,mniessenkw@myspace.com,Male,43,12/22/2025
754,Bar,Chatband,bchatbandkx@netvibes.com,Male,35,7/21/2025
755,Dell,Coyne,dcoyneky@theguardian.com,Male,54,2/9/2026
756,Cleavland,Gamlen,cgamlenkz@weibo.com,Male,71,3/29/2026
757,Connie,Hogbourne,chogbournel0@blog.com,Female,60,6/16/2025
758,Bride,Geeraert,bgeeraertl1@fda.gov,Female,43,11/18/2025
759,Isiahi,Gouda,igoudal2@rediff.com,Male,4,7/6/2025
760,Terence,Delhay,tdelhayl3@hibu.com,Male,19,11/14/2025
761,Jilly,Paolillo,jpaolillol4@github.io,Female,74,12/28/2025
762,Mellisa,Garroch,mgarrochl5@reuters.com,Female,52,7/5/2025
763,Fayre,Richings,frichingsl6@google.it,Female,79,2/12/2026
764,Anita,Odo,aodol7@odnoklassniki.ru,Female,44,5/25/2026
765,Alvin,Gonzalez,agonzalezl8@umn.edu,Male,49,2/12/2026
766,Adan,Hamilton,ahamiltonl9@stumbleupon.com,Male,60,10/28/2025
767,Stacia,Hundal,shundalla@comcast.net,Female,29,8/8/2025
768,Margret,Unwins,munwinslb@twitpic.com,Female,45,4/30/2026
769,Prince,Fullbrook,pfullbrooklc@sciencedirect.com,Male,80,3/22/2026
770,Gussy,Kerin,gkerinld@linkedin.com,Female,71,12/13/2025
771,Adora,Huygen,ahuygenle@cmu.edu,Female,56,9/4/2025
772,Goddart,Speere,gspeerelf@jigsy.com,Male,21,10/4/2025
773,Farleigh,McInility,fmcinilitylg@usda.gov,Male,29,6/2/2025
774,Tandy,Jallin,tjallinlh@mit.edu,Female,13,11/21/2025
775,Burch,Giorgio,bgiorgioli@sbwire.com,Male,21,6/16/2025
776,Erica,Pantlin,epantlinlj@yelp.com,Female,27,9/22/2025
777,Natty,Penticost,npenticostlk@hao123.com,Male,69,12/14/2025
778,Diana,Stoltz,dstoltzll@examiner.com,Female,55,3/4/2026
779,Margaretta,Abrahmson,mabrahmsonlm@meetup.com,Female,78,1/7/2026
780,Jamill,MacKnight,jmacknightln@istockphoto.com,Male,77,10/16/2025
781,Vaclav,Tidswell,vtidswelllo@ftc.gov,Male,23,9/28/2025
782,Brear,Mansfield,bmansfieldlp@alibaba.com,Female,52,2/19/2026
783,Viv,Tschierse,vtschierselq@mashable.com,Female,69,5/4/2026
784,Arlen,Ekell,aekelllr@surveymonkey.com,Male,19,7/4/2025
785,Caron,Raw,crawls@delicious.com,Female,56,2/5/2026
786,Janeva,MacLaverty,jmaclavertylt@quantcast.com,Female,73,7/20/2025
787,Tate,Kubiak,tkubiaklu@sitemeter.com,Female,69,6/30/2025
788,Giulia,Seyler,gseylerlv@tripadvisor.com,Female,72,6/22/2025
789,Yuma,Hurche,yhurchelw@salon.com,Male,74,8/8/2025
790,Arlina,Petticrew,apetticrewlx@shop-pro.jp,Female,61,2/1/2026
791,Tallia,Arunowicz,tarunowiczly@google.fr,Female,37,8/30/2025
792,Jacques,Gernier,jgernierlz@acquirethisname.com,Male,62,9/10/2025
793,Wolfy,Dimblebee,wdimblebeem0@github.com,Male,30,12/26/2025
794,Candis,Fabry,cfabrym1@fotki.com,Female,80,11/15/2025
795,Terrance,Droghan,tdroghanm2@aboutads.info,Male,35,7/14/2025
796,Christian,Pavek,cpavekm3@dot.gov,Male,48,1/13/2026
797,Normie,Hucklesby,nhucklesbym4@constantcontact.com,Male,4,1/22/2026
798,Orion,Antwis,oantwism5@who.int,Male,58,8/9/2025
799,Murielle,Jedrzejewsky,mjedrzejewskym6@ebay.co.uk,Female,7,7/19/2025
800,Mellisent,Meekin,mmeekinm7@1und1.de,Female,34,7/23/2025
801,Jase,Carley,jcarleym8@artisteer.com,Male,5,3/11/2026
802,Orran,Dickson,odicksonm9@weather.com,Male,13,5/17/2026
803,Thebault,Evins,tevinsma@businesswire.com,Male,57,11/8/2025
804,Hyacintha,Volet,hvoletmb@dmoz.org,Female,69,8/24/2025
805,Marisa,Kittoe,mkittoemc@addtoany.com,Female,64,2/13/2026
806,Eldon,Wadhams,ewadhamsmd@hhs.gov,Male,15,11/6/2025
807,Maximilien,O'Kennavain,mokennavainme@meetup.com,Male,26,3/3/2026
808,Griff,Tallent,gtallentmf@about.me,Male,19,10/25/2025
809,Debby,Webburn,dwebburnmg@boston.com,Female,35,10/13/2025
810,Dalila,Digger,ddiggermh@ed.gov,Female,33,11/11/2025
811,Olivero,Lindbergh,olindberghmi@wunderground.com,Male,19,5/11/2026
812,Heywood,Wickersley,hwickersleymj@phpbb.com,Male,74,10/18/2025
813,Penni,Barnet,pbarnetmk@google.nl,Female,79,11/6/2025
814,Lorraine,Erbain,lerbainml@yale.edu,Female,65,4/8/2026
815,Free,Sprague,fspraguemm@jigsy.com,Male,25,5/29/2025
816,Cathryn,Bilbee,cbilbeemn@cyberchimps.com,Female,27,4/7/2026
817,Giacobo,Andrick,gandrickmo@people.com.cn,Male,11,2/4/2026
818,Melli,Line,mlinemp@unblog.fr,Female,40,7/3/2025
819,Zuzana,Litel,zlitelmq@cpanel.net,Female,7,8/28/2025
820,Dacia,Effnert,deffnertmr@reverbnation.com,Female,17,3/23/2026
821,Nannie,Fusco,nfuscoms@ed.gov,Female,54,4/6/2026
822,Heida,Pollicatt,hpollicattmt@a8.net,Female,32,11/4/2025
823,Elane,Dinsdale,edinsdalemu@newyorker.com,Female,25,10/9/2025
824,Jacynth,Rozenzweig,jrozenzweigmv@gov.uk,Female,33,8/24/2025
825,Chrystel,Squibb,csquibbmw@xing.com,Female,80,1/19/2026
826,Mayer,Sowley,msowleymx@amazonaws.com,Male,10,9/14/2025
827,Neel,Rodliff,nrodliffmy@1688.com,Male,75,8/19/2025
828,Johannes,Siman,jsimanmz@sourceforge.net,Male,53,8/14/2025
829,Tisha,Charles,tcharlesn0@ihg.com,Female,45,7/24/2025
830,Humphrey,Speddin,hspeddinn1@nature.com,Male,31,7/7/2025
831,Crissie,Mattheis,cmattheisn2@buzzfeed.com,Female,55,10/5/2025
832,Erda,Burroughes,eburroughesn3@github.io,Female,72,10/4/2025
833,Evonne,McCourtie,emccourtien4@economist.com,Female,16,7/1/2025
834,Dareen,Inchan,dinchann5@example.com,Female,3,12/14/2025
835,Nancy,Pawelek,npawelekn6@engadget.com,Female,12,5/15/2026
836,Conney,Blezard,cblezardn7@intel.com,Male,39,1/4/2026
837,Cyrus,Cammacke,ccammacken8@dion.ne.jp,Male,15,10/12/2025
838,Harriet,Worswick,hworswickn9@indiatimes.com,Female,79,10/2/2025
839,Loretta,Redwing,lredwingna@japanpost.jp,Female,36,3/30/2026
840,Elene,Hanbury,ehanburynb@de.vu,Female,31,1/1/2026
841,Tedd,D'Oyley,tdoyleync@yellowpages.com,Male,25,10/4/2025
842,Tam,Domleo,tdomleond@canalblog.com,Male,22,10/30/2025
843,Mitch,Eliff,meliffne@slideshare.net,Male,52,3/18/2026
844,Myrilla,Krystof,mkrystofnf@cisco.com,Female,9,6/20/2025
845,Walsh,Andreasen,wandreasenng@google.nl,Male,45,10/30/2025
846,Harwell,Denley,hdenleynh@slashdot.org,Male,62,3/21/2026
847,Ravi,Devereu,rdevereuni@eventbrite.com,Male,29,12/16/2025
848,Donnell,MacConneely,dmacconneelynj@trellian.com,Male,23,3/22/2026
849,Rebekah,Seden,rsedennk@goo.ne.jp,Female,27,1/31/2026
850,Lowrance,O' Dornan,lodornannl@umich.edu,Male,65,3/30/2026
851,Arty,Grogono,agrogononm@wired.com,Male,71,2/18/2026
852,Arther,Willcock,awillcocknn@cocolog-nifty.com,Male,61,9/29/2025
853,Edgar,Setchell,esetchellno@foxnews.com,Male,7,4/30/2026
854,Spike,Giuron,sgiuronnp@omniture.com,Male,63,3/1/2026
855,Joyan,Melland,jmellandnq@ed.gov,Female,34,7/18/2025
856,Lynnett,Mioni,lmioninr@ezinearticles.com,Female,38,6/7/2025
857,Katie,Withringten,kwithringtenns@senate.gov,Female,55,7/15/2025
858,Jemie,Wagner,jwagnernt@a8.net,Female,25,6/11/2025
859,Ardyce,Wilton,awiltonnu@ted.com,Female,22,11/15/2025
860,Margaret,Laboune,mlabounenv@apache.org,Female,66,11/25/2025
861,Bobine,Jiles,bjilesnw@jigsy.com,Female,74,4/22/2026
862,Edvard,Aimable,eaimablenx@marketwatch.com,Male,21,1/28/2026
863,George,Child,gchildny@businessweek.com,Male,21,10/10/2025
864,Penny,Alldred,palldrednz@comsenz.com,Female,19,11/5/2025
865,Barnebas,Sinclaire,bsinclaireo0@wikimedia.org,Male,7,3/11/2026
866,Urbain,Shark,usharko1@bbb.org,Male,74,2/24/2026
867,Karna,Sancto,ksanctoo2@unicef.org,Female,29,12/29/2025
868,Northrop,Wabb,nwabbo3@squarespace.com,Male,22,9/2/2025
869,Mersey,Kevlin,mkevlino4@youtu.be,Female,80,2/21/2026
870,Purcell,Mortell,pmortello5@trellian.com,Male,55,11/20/2025
871,Dennet,Thickin,dthickino6@tripadvisor.com,Male,76,6/2/2025
872,Clemens,Dyne,cdyneo7@de.vu,Male,13,2/5/2026
873,Giffy,Purseglove,gpursegloveo8@diigo.com,Male,30,10/1/2025
874,Billi,Izzatt,bizzatto9@1und1.de,Female,13,12/12/2025
875,Reamonn,McDermott,rmcdermottoa@stumbleupon.com,Male,5,12/31/2025
876,Elvis,Eagland,eeaglandob@alexa.com,Male,18,10/4/2025
877,Marilee,Eyree,meyreeoc@admin.ch,Female,77,9/20/2025
878,Hagen,Perroni,hperroniod@vinaora.com,Male,63,7/19/2025
879,Vonny,Kittiman,vkittimanoe@economist.com,Female,15,6/26/2025
880,Aline,Bowler,abowlerof@vkontakte.ru,Female,13,8/26/2025
881,Augustus,Trewhela,atrewhelaog@1688.com,Male,79,9/18/2025
882,Rorke,Roome,rroomeoh@princeton.edu,Male,39,2/19/2026
883,Ettore,Goublier,egoublieroi@joomla.org,Male,18,12/25/2025
884,Wye,Kelloway,wkellowayoj@lycos.com,Male,11,11/12/2025
885,Robbie,Smaridge,rsmaridgeok@telegraph.co.uk,Female,16,11/24/2025
886,Avictor,Polye,apolyeol@java.com,Male,35,8/22/2025
887,Lin,Schroter,lschroterom@webmd.com,Female,24,3/21/2026
888,Veradis,Connealy,vconnealyon@alibaba.com,Female,20,2/1/2026
889,Lisbeth,Focke,lfockeoo@accuweather.com,Female,1,2/7/2026
890,Easter,Robun,erobunop@amazon.com,Female,54,6/8/2025
891,Nerte,Box,nboxoq@cpanel.net,Female,39,2/27/2026
892,Aubert,Biagini,abiaginior@nih.gov,Male,50,8/18/2025
893,Arne,Secker,aseckeros@github.com,Male,72,11/14/2025
894,Xaviera,Cancellor,xcancellorot@sina.com.cn,Female,64,5/24/2026
895,Conny,Renon,crenonou@e-recht24.de,Female,28,9/5/2025
896,Teodorico,Geyton,tgeytonov@hc360.com,Male,43,4/9/2026
897,Johnnie,Ventom,jventomow@scribd.com,Male,23,1/30/2026
898,Pepi,Jersch,pjerschox@quantcast.com,Female,45,7/27/2025
899,Sancho,Pountain,spountainoy@prlog.org,Male,53,11/22/2025
900,Orsola,Signe,osigneoz@networkadvertising.org,Female,59,11/6/2025
901,Mala,Timmons,mtimmonsp0@unblog.fr,Female,20,2/23/2026
902,Keven,Palmar,kpalmarp1@bizjournals.com,Male,69,4/26/2026
903,Heidie,Morgen,hmorgenp2@photobucket.com,Female,34,5/10/2026
904,Nissa,Brosnan,nbrosnanp3@upenn.edu,Female,52,2/8/2026
905,Stefanie,Shakesbye,sshakesbyep4@so-net.ne.jp,Female,29,8/18/2025
906,Jeanette,Ranahan,jranahanp5@cbslocal.com,Female,65,11/6/2025
907,Ricki,Konig,rkonigp6@sphinn.com,Female,65,6/15/2025
908,Deck,McGonigle,dmcgoniglep7@friendfeed.com,Male,31,3/15/2026
909,Emmet,Hopkins,ehopkinsp8@earthlink.net,Male,64,11/28/2025
910,Charlie,Baskeyfied,cbaskeyfiedp9@kickstarter.com,Male,61,7/23/2025
911,Ester,Mazdon,emazdonpa@stumbleupon.com,Female,29,2/3/2026
912,Cordula,Perceval,cpercevalpb@loc.gov,Female,47,9/4/2025
913,Petronia,Chaperlin,pchaperlinpc@ucoz.ru,Female,6,11/12/2025
914,Janey,Frany,jfranypd@angelfire.com,Female,27,3/5/2026
915,Shantee,Selcraig,sselcraigpe@army.mil,Female,50,5/26/2026
916,Reynold,Tilne,rtilnepf@google.nl,Male,74,7/2/2025
917,Aile,Fransinelli,afransinellipg@rakuten.co.jp,Female,58,7/15/2025
918,Nannie,Bryett,nbryettph@berkeley.edu,Female,26,1/21/2026
919,Gery,Abson,gabsonpi@flavors.me,Male,61,1/9/2026
920,Saloma,MacKeague,smackeaguepj@cyberchimps.com,Female,73,11/11/2025
921,Wilden,Rottenbury,wrottenburypk@addthis.com,Male,58,7/9/2025
922,Che,Bracknall,cbracknallpl@tuttocitta.it,Male,30,5/19/2026
923,Roselle,Millea,rmilleapm@senate.gov,Female,27,2/12/2026
924,Marcy,Cornbell,mcornbellpn@altervista.org,Female,73,11/11/2025
925,Shermy,Borsi,sborsipo@diigo.com,Male,60,1/12/2026
926,Gilberto,Storry,gstorrypp@google.it,Male,54,5/10/2026
927,Chan,Gathercoal,cgathercoalpq@blogs.com,Male,46,9/29/2025
928,Guillaume,Snalham,gsnalhampr@yolasite.com,Male,22,12/31/2025
929,Angelo,Shovelin,ashovelinps@amazonaws.com,Male,36,4/9/2026
930,Viv,Waslin,vwaslinpt@ocn.ne.jp,Female,5,5/1/2026
931,Diarmid,Tidder,dtidderpu@is.gd,Male,47,9/25/2025
932,Pincas,Harbisher,pharbisherpv@macromedia.com,Male,44,10/28/2025
933,Raleigh,Wrenn,rwrennpw@youku.com,Male,23,11/13/2025
934,Tansy,Kohtler,tkohtlerpx@ebay.co.uk,Female,8,4/20/2026
935,Matelda,Colrein,mcolreinpy@opensource.org,Female,77,3/30/2026
936,Boycie,Mordey,bmordeypz@de.vu,Male,3,11/16/2025
937,Brita,Allsebrook,ballsebrookq0@army.mil,Female,67,6/30/2025
938,Carmelia,Osler,coslerq1@ning.com,Female,21,3/24/2026
939,Laurens,Bucklan,lbucklanq2@ucsd.edu,Male,56,8/24/2025
940,Angelique,Dick,adickq3@multiply.com,Female,76,1/11/2026
941,Tiena,Dysart,tdysartq4@dion.ne.jp,Female,8,1/19/2026
942,Zolly,Jardein,zjardeinq5@mashable.com,Male,78,11/27/2025
943,Giffy,Dixsee,gdixseeq6@com.com,Male,67,11/27/2025
944,Chevalier,Kingsland,ckingslandq7@cdbaby.com,Male,5,7/4/2025
945,Lia,Mann,lmannq8@github.io,Female,1,12/30/2025
946,Giovanna,Keller,gkellerq9@booking.com,Female,78,9/3/2025
947,Cort,Shipp,cshippqa@ftc.gov,Male,39,5/2/2026
948,Sibelle,Tute,stuteqb@google.nl,Female,39,4/2/2026
949,Selby,Hayford,shayfordqc@last.fm,Male,64,5/13/2026
950,Desmond,Blease,dbleaseqd@comcast.net,Male,69,11/19/2025
951,Lira,Mattisson,lmattissonqe@sakura.ne.jp,Female,48,9/15/2025
952,Ximenez,Cocking,xcockingqf@gov.uk,Male,56,2/21/2026
953,Christiano,Gogarty,cgogartyqg@biglobe.ne.jp,Male,19,9/29/2025
954,Elvyn,Houlahan,ehoulahanqh@ycombinator.com,Male,70,1/25/2026
955,Chickie,Gillbee,cgillbeeqi@stanford.edu,Female,78,9/25/2025
956,Saunders,Filippello,sfilippelloqj@amazon.co.uk,Male,59,1/3/2026
957,Celestine,Impleton,cimpletonqk@discovery.com,Female,5,6/3/2025
958,Duky,Frail,dfrailql@soundcloud.com,Male,45,12/10/2025
959,Dreddy,Penvarden,dpenvardenqm@samsung.com,Female,61,11/7/2025
960,Rem,Doull,rdoullqn@goo.gl,Male,65,1/11/2026
961,Marcelia,Preist,mpreistqo@free.fr,Female,61,10/9/2025
962,Edgard,Olford,eolfordqp@digg.com,Male,10,3/24/2026
963,Evelina,Mitkov,emitkovqq@stanford.edu,Female,73,1/20/2026
964,Ofelia,La Croce,olacroceqr@walmart.com,Female,52,11/30/2025
965,Donelle,Jehaes,djehaesqs@tripadvisor.com,Female,42,2/24/2026
966,Karmen,Petruszka,kpetruszkaqt@flickr.com,Female,54,3/31/2026
967,Tate,Oswal,toswalqu@lycos.com,Male,23,3/14/2026
968,Perrine,McCart,pmccartqv@kickstarter.com,Female,4,5/10/2026
969,Carin,McMenamie,cmcmenamieqw@dedecms.com,Female,33,2/10/2026
970,Cyb,Mingasson,cmingassonqx@china.com.cn,Female,45,9/3/2025
971,Harris,Pattle,hpattleqy@sakura.ne.jp,Male,51,10/25/2025
972,Celesta,Farebrother,cfarebrotherqz@abc.net.au,Female,7,8/31/2025
973,Veronika,Breach,vbreachr0@github.io,Female,15,4/25/2026
974,Bo,Battill,bbattillr1@surveymonkey.com,Male,39,3/26/2026
975,Charlene,Olyet,colyetr2@weather.com,Female,22,1/29/2026
976,Darcey,Lorain,dlorainr3@ebay.com,Female,21,1/29/2026
977,Chevy,Jenson,cjensonr4@storify.com,Male,4,7/19/2025
978,Sol,Blaker,sblakerr5@slideshare.net,Male,77,5/10/2026
979,Kimberlyn,Piola,kpiolar6@skype.com,Female,5,2/1/2026
980,Hermia,Tolmie,htolmier7@ed.gov,Female,38,10/10/2025
981,Owen,Petri,opetrir8@linkedin.com,Male,72,7/21/2025
982,Claresta,Sambals,csambalsr9@myspace.com,Female,53,8/31/2025
983,Dulcine,Odams,dodamsra@army.mil,Female,26,10/20/2025
984,Kareem,Yarnall,kyarnallrb@mac.com,Male,39,1/18/2026
985,Ely,Cleverley,ecleverleyrc@paginegialle.it,Male,69,8/2/2025
986,Lanie,Klosges,lklosgesrd@altervista.org,Female,14,10/8/2025
987,Avigdor,Ripley,aripleyre@google.fr,Male,58,3/26/2026
988,Cale,Mathevet,cmathevetrf@barnesandnoble.com,Male,27,10/26/2025
989,Gearard,Lile,glilerg@lulu.com,Male,16,12/22/2025
990,Kassia,Maunders,kmaundersrh@trellian.com,Female,61,6/22/2025
991,Analise,Corness,acornessri@psu.edu,Female,49,3/21/2026
992,Reinwald,Bitchener,rbitchenerrj@creativecommons.org,Male,67,4/1/2026
993,Kurtis,Van der Kruijs,kvanderkruijsrk@squidoo.com,Male,63,1/7/2026
994,Theodor,Ludlamme,tludlammerl@odnoklassniki.ru,Male,23,5/3/2026
995,Ax,Tolland,atollandrm@bbc.co.uk,Male,38,4/8/2026
996,Rod,Mulder,rmulderrn@ning.com,Male,53,4/9/2026
997,Thoma,Hudspeth,thudspethro@mtv.com,Male,44,9/27/2025
998,Benedicta,Fidler,bfidlerrp@cbc.ca,Female,67,6/22/2025
999,Karlan,Kiera,kkierarq@army.mil,Male,21,1/24/2026
1000,Missy,Finlayson,mfinlaysonrr@google.ca,Female,61,4/28/2026
